,Start Total Seconds,End Total Seconds,Label,Diff
0,5.5434375,6.2184375,2,0.6750000000000007
1,10.454062500000003,17.4065625,4,6.952499999999997
2,16.748437499999998,19.3134375,0,2.5650000000000013
3,17.4065625,20.7984375,1,3.391874999999999
4,18.5034375,19.2459375,3,0.7424999999999997
5,21.3553125,25.8946875,3,4.539375
6,26.9240625,29.9615625,3,3.037499999999998
